{
  "Name": "nur",
  "Number": 1345,
  "Coordinates": [
    3878716.961736554,
    4821123.25346704
  ]
}{
  "Name": "nur",
  "Number": 1345,
  "Coordinates": [
    3878716.961736554,
    4821123.25346704
  ]
}{
  "Name": "Berker",
  "Number": 43,
  "Coordinates": [
    3385129.2303687828,
    4946086.669135914
  ]
}{
  "Name": "Berker",
  "Number": 43,
  "Coordinates": [
    3385129.2303687828,
    4946086.669135914
  ]
}{
  "Name": "Berker",
  "Number": 43,
  "Coordinates": [
    3385129.2303687828,
    4946086.669135914
  ]
}{
  "Name": "Berker",
  "Number": 43,
  "Coordinates": [
    3385129.2303687828,
    4946086.669135914
  ]
}{
  "Name": "Berker",
  "Number": 43,
  "Coordinates": [
    3385129.2303687828,
    4946086.669135914
  ]
}{
  "Name": "Berker",
  "Number": 43,
  "Coordinates": [
    3385129.2303687828,
    4946086.669135914
  ]
}{
  "Name": "Berker",
  "Number": 43,
  "Coordinates": [
    3385129.2303687828,
    4946086.669135914
  ]
}{
  "Name": "güneş",
  "Number": 23,
  "Coordinates": [
    3677212.4952787305,
    4869441.59010587
  ]
}{
  "Name": "Pars",
  "Number": 43,
  "Coordinates": [
    3761598.9745055665,
    4895735.927835969
  ]
}{
  "Name": "Pars",
  "Number": 43,
  "Coordinates": [
    3761598.9745055665,
    4895735.927835969
  ]
}{
  "Name": "Pars",
  "Number": 43,
  "Coordinates": [
    3761598.9745055665,
    4895735.927835969
  ]
}{
  "Name": "Pars",
  "Number": 43,
  "Coordinates": [
    3761598.9745055665,
    4895735.927835969
  ]
}{
  "Name": "Pars",
  "Number": 43,
  "Coordinates": [
    3761598.9745055665,
    4895735.927835969
  ]
}{
  "Name": "Pars",
  "Number": 43,
  "Coordinates": [
    3761598.9745055665,
    4895735.927835969
  ]
}{
  "Name": "Pars",
  "Number": 63,
  "Coordinates": [
    3649083.6688697874,
    4833363.312755265
  ]
}{
  "Name": "Pars",
  "Number": 43,
  "Coordinates": [
    3651529.653774913,
    4860269.1467116475
  ]
}{
  "Name": "Pars",
  "Number": 43,
  "Coordinates": [
    3651529.653774913,
    4860269.1467116475
  ]
}{
  "Name": "Pars",
  "Number": 43,
  "Coordinates": [
    3651529.653774913,
    4860269.1467116475
  ]
}